rs616488,1,10566215
rs11552449,1,114448389
rs11249433,1,121280613
rs12405132,1,145644984
rs12048493,1,149927034
rs6678914,1,202187176
rs4245739,1,204518842
rs72755295,1,242034263
rs12710696,2,19320803
rs200648189,2,24739694
rs6725517,2,25129473
rs4849887,2,121245122
rs2016394,2,172972971
rs1550623,2,174212894
rs1830298,2,202181247
rs4442975,2,217920769
rs34005590,2,217963060
rs16857609,2,218296508
rs6762644,3,4742276
rs4973768,3,27416013
rs12493607,3,30682939
rs6796502,3,46866866
rs1053338,3,63967900
rs9790517,4,106084778
rs6828523,4,175846426
rs10069690,5,1279790
rs3215401,5,1296255
rs13162653,5,16187528
rs2012709,5,32567732
rs10941679,5,44706498
rs62355902,5,56053723
rs10472076,5,58184061
rs1353747,5,58337481
rs7707921,5,81538046
rs1432679,5,158244083
rs204247,6,13722523
rs9257408,6,28926220
rs17529111,6,82128386
rs3757322,6,151942194
rs9397437,6,151952332
rs2747652,6,152437016
rs6964587,7,91630620
rs4593472,7,130667121
rs720475,7,144074929
rs9693444,8,29509616
rs13365225,8,36858483
rs6472903,8,76230301
rs2943559,8,76417937
rs13267382,8,117209548
rs13281615,8,128355618
rs11780156,8,129194641
rs1011970,9,22062134
rs10759243,9,110306115
rs10816625,9,110837073
rs13294895,9,110837176
rs676256Ê,9,110895353
rs2380205,10,5886734
rs7072776,10,22032942
rs11814448,10,22315843
rs10995201Ê,10,64299890
rs704010,10,80841148
rs7904519,10,114773927
rs11199914,10,123093901
rs2981578,10,123340311
rs35054928,10,123340431
rs45631563,10,123349324
rs3817198,11,1909006
rs3903072,11,65583066
rs554219,11,69331642
rs75915166,11,69379161
rs11820646,11,129461171
rs12422552,12,14413931
rs7297051,12,28174817
rs17356907,12,96027759
rs1292011,12,115836522
rs11571833,13,32972626
rs2236007,14,37132769
rs2588809,14,68660428
rs999737,14,69034682
rs941764,14,91841069
rs11627032,14,93104072
rs4784227,16,52599188
rs17817449,16,53813367
rs11075995,16,53855291
rs13329835,16,80650805
rs146699004,17,29230520
rs2787486,17,53209774
rs745570,17,77781725
rs527616,18,24337424
rs1436904,18,24570667
rs6507583,18,42399590
rs67397200,19,17401404
rs4808801,19,18571141
rs3760982,19,44286513
rs2823093,21,16520832
rs17879961,22,29121087
rs132390,22,29621477
rs6001930,22,40876234
rs4577244,2,29120733
rs13066793,3,87037543
rs6562760,13,73957681
rs2965183,19,19545696
rs2992756,1,18807339
4:84370124,4,84370124
rs72749841,5,49641645
rs35951924,5,50195093
rs71559437,7,101552440
rs6597981,11,803017
rs28539243,16,54682064
rs2432539,16,56420987
rs16991615,20,5948227
rs6122906,20,48945911
rs4233486,1,41380440
rs1707302,1,46600917
rs140850326,1,50846032
rs17426269,1,88156923
rs7529522,1,118230221
rs4971059,1,155148781
rs35383942,1,201437832
rs4951011Ê,1,203766331
rs11117758,1,217220574
rs113577745,2,10135681
rs71801447,2,111925731
rs12479355,2,227226952
rs6805189,3,71532113
rs9833888,3,99723580
rs34207738,3,141112859
rs58058861,3,172285237
rs6815814,4,38816338
rs10022462,4,89243818
rs77528541,4,126843504
rs116095464,5,345109
rs10474352,5,90732225
rs6882649,5,111217786
rs6596100,5,132407058
rs4562056,5,169591487
rs3819405,6,16399557
rs2223621,6,20621238
rs71557345,6,26680698
rs12207986,6,81094287
rs6569648,6,130349119
rs9485372,6,149608874
rs7971,7,21940960
rs17156577,7,28356889
rs17268829,7,94113799
rs514192,8,102478959
rs12546444,8,106358620
rs58847541,8,124610166
rs17350191,8,124757661
rs1895062,9,119313486
rs10760444,9,129396434
rs8176636,9,136151579
rs67958007,10,9088113
rs140936696,10,95292187
rs202049448,12,85009437
rs206966,12,120832146
rs10623258,14,105212261
rs2290203,15,91512067
rs4496150,16,87085237
rs72826962,17,40836389
rs2532263,17,44252468
rs117618124,18,29977689
rs78269692,19,13158277
rs2594714,19,13954571
rs71338792,19,46183031
rs738321,22,38568833
chr22:39359355,22,39359355
rs73161324,22,42038786
rs28512361,22,46283297
rs79724016,1,42137311
rs11977670,7,139942304
rs66823261,8,170692
rs11374964Ê,11,108345515
rs74911261,11,108357137
rs11076805,16,4106788
rs36194942,18,25401204
rs322144,19,11423703
rs113701136,19,30277729
,,